Matko Matic1,matko1
Matko Matic2,matko2
Matko Matic3,matko3
Kato Kenis1,kato1
Kato Kenis2,kato2
Kato Kenis3,kato3
Victor Nijssen1,victor1
Victor Nijssen2,victor2
Victor Nijssen3,victor3
Enes Yaz1,enes1
Enes Yaz2,enes2
Enes Yaz3,enes3
Thomas Hendrickx1,thomas1
Thomas Hendrickx2,thomas2
Thomas Hendrickx3,thomas3
Sidorela Ukcamaj1,sidorela1
Sidorela Ukcamaj2,sidorela2
Sidorela Ukcamaj3,sidorela3
Nathan Cornille1, nathan1
Nathan Cornille2, nathan2
Nathan Cornille3, nathan3
